model,decision_threshold,accuracy,precision,recall,f1_score,roc_auc,average_precision
RandomForestClassifier,0.24666666666666667,0.7985,0.5035335689045937,0.7002457002457002,0.5858170606372045,0.8526893611639373,0.6759567536715698
